"Post ID","Page ID","Page name",Title,Description,"Duration (sec)","Publish time","Caption type",Permalink,"Is crosspost","Is share","Post type",Languages,"Custom labels","Funded content status","Data comment",Date,Views,Reach,"Reactions, comments and shares",Reactions,Comments,Shares,"Total clicks","Link clicks","Other clicks","Matched audience targeting consumption (Photo Click)","Matched audience targeting consumption (Video Click)","Seconds viewed","Average Seconds viewed","Estimated earnings (USD)","Ad CPM (USD)","Ad impressions"
1432592678914631,100064917362794,"Virtu Ferries Ltd.","😃𝗪𝗲 𝗵𝗮𝘃𝗲 𝗮 𝘄𝗶𝗻𝗻𝗲𝗿.

Congratulations @mariomifsud You're our May giveaway winner.
To everyone who entered: thank you. Your reasons for choosing Virtu gave us a lot to smile about.

Stay tuned, our next giveaway is coming soon",,0,"06/02/2026 07:00",N/A,https://www.facebook.com/virtuferries/posts/pfbid02o6cF7WX1w81g9cGRohispXj1YpjWJCnMpWRVYFHtZQoYUgem4WQ7NcTzRYms1uojl,0,0,Photos,,,,,Lifetime,6246,4165,26,26,0,0,166,,84,82,,,,,,
1433649612142271,100064917362794,"Virtu Ferries Ltd.","𝗢𝗙𝗙𝗘𝗥𝗦: 𝗦𝘂𝗺𝗺𝗲𝗿 𝗶𝗻 𝗦𝗶𝗰𝗶𝗹𝘆 𝗵𝗮𝘀 𝗲𝗻𝘁𝗲𝗿𝗲𝗱 𝘁𝗵𝗲 𝗰𝗵𝗮𝘁… 𝗮𝗻𝗱 𝘀𝗼 𝗵𝗮𝘃𝗲 𝗼𝘂𝗿 𝗣𝗲𝗮𝗸 𝗦𝗲𝗮𝘀𝗼𝗻 𝗢𝗳𝗳𝗲𝗿𝘀.

Day Trip, if one day is enough.
Multi-Day, if it clearly is not.

*Offers apply on selected voyages for travel between 1 June and 30 September 2026.

*Check eligible dates, blackout periods, and full conditions before booking.

See the offers: https://www.virtuferries.com/offers/sicily-special-offers/1",,0,"06/03/2026 10:00",N/A,https://www.facebook.com/virtuferries/posts/pfbid02c7hJ2nYVXAjtB5eeTyhphXMRYk5uKjvLWRMbVf4NQpDJXoJk4gxz8EEs2hG7gYUGl,0,0,Photos,,,,,Lifetime,245716,68538,51,45,4,2,1126,84,347,695,,,,,,
1434212442085988,100064917362794,"Virtu Ferries Ltd.","☀️𝗦𝗶𝗰𝗶𝗹𝘆 𝗶𝘀 𝗿𝗲𝗮𝗱𝘆 𝗳𝗼𝗿 𝗽𝗲𝗮𝗸 𝘀𝗲𝗮𝘀𝗼𝗻.

Coffee is being poured, 
Umbrellas are going up, 
And summer has started moving.
Now the offers are ready too.

👉Book Your Trip: www.virtuferries.com","☀️𝗦𝗶𝗰𝗶𝗹𝘆 𝗶𝘀 𝗿𝗲𝗮𝗱𝘆 𝗳𝗼𝗿 𝗽𝗲𝗮𝗸 𝘀𝗲𝗮𝘀𝗼𝗻.

Coffee is being poured, 
Umbrellas are going up, 
And summer has started moving.
Now the offers are ready too.

👉Book Your Trip: www.virtuferries.com",36,"06/04/2026 02:00",N/A,https://www.facebook.com/reel/2496142454220267/,1,0,Videos,,,,,Lifetime,47495,26858,33,32,0,1,67,15,37,,15,94518.702,2.151,0,0,0
1435024005338165,100064917362794,"Virtu Ferries Ltd.","🎁 𝗚𝗜𝗩𝗘𝗔𝗪𝗔𝗬.

We know you love Sicily. That’s why we’re giving you the chance to travel for free.

𝗪𝗛𝗔𝗧 𝗬𝗢𝗨 𝗖𝗔𝗡 𝗪𝗜𝗡
🏷️ €500 Sicilia Outlet Village Shopping Voucher 
🚢 2 Return Passenger Tickets (excluding port charges) + Light Car

𝗛𝗢𝗪 𝗧𝗢 𝗘𝗡𝗧𝗘𝗥
👍 Follow our page
🔁 Like & share this post
💬 In your own words, tell us why you love Sicily. The beaches, the food, the towns, the road trips, whatever comes to mind.

ℹ️ Competition closes 30.06. Winner selected by random draw.",,0,"06/05/2026 00:01",N/A,https://www.facebook.com/virtuferries/posts/pfbid0ZF3MuW5URVhv2BvvynQiYHqGDtFsuJbKrThsiDMfqK9pjM6paJztX6oiyV98141tl,0,0,Photos,,,,,Lifetime,424304,124484,2101,898,612,591,2640,6,2302,332,,,,,,
1435968508577048,100064917362794,"Virtu Ferries Ltd.","🗓️ 𝗦𝗶𝗰𝗶𝗹𝘆 𝘀𝗵𝗼𝘂𝗹𝗱 𝗳𝗶𝘁 𝘆𝗼𝘂𝗿 𝘄𝗲𝗲𝗸, 𝗻𝗼𝘁 𝘁𝗵𝗲 𝗼𝘁𝗵𝗲𝗿 𝘄𝗮𝘆 𝗿𝗼𝘂𝗻𝗱.

With daily departures, early morning options, evening crossings, weekend trips, and seasonal offers now live, you have more ways to make Sicily fit around your plans.

This week’s schedule is now live.",,0,"06/06/2026 00:00",N/A,https://www.facebook.com/virtuferries/posts/pfbid02GFdwPcCrJznxhtGwmQEtWV5mR8SrkiHMNdJHt3v4PwEmu97hNxpRT61SnZLi4WCrl,0,0,Photos,,,,,Lifetime,3850,2408,18,14,1,3,74,,23,51,,,,,,
1436889215151644,100064917362794,"Virtu Ferries Ltd.","For some, it’s the comfort. For others, it’s the space, the service, or the way the crossing fits the trip.

But you all seem to agree on one thing: travelling feels easier with Virtu Ferries.

Grazzi u il-festa it-tajba ❤️💛💙",,0,"06/07/2026 00:00",N/A,https://www.facebook.com/virtuferries/posts/pfbid0xkkNRT6Lp5r9gmwYX7BgdNaWRUzQwho1rVRjV35TRXYQd9ACdm76pccQnSPqVaCTl,0,0,Photos,,,,,Lifetime,393803,93931,118,105,12,1,883,374,434,75,,,,,,
1438743831632849,100064917362794,"Virtu Ferries Ltd.","For centuries, the sea between Malta and Sicily has connected people, communities, and cultures.

This research project by AP Valletta explores that shared heritage through the stories and spaces found along both waterfronts.",,0,"06/09/2026 02:13",N/A,https://www.facebook.com/virtuferries/posts/pfbid02kpga7vSNJbfsgAvUqmYPb9dze5J3YoKGVgoGrG92GJ3zPJhuBGWxkkgE5djqvyFfl,0,1,Videos,,,,,Lifetime,1216,804,0,0,0,0,4,,4,,,,,,,
1439028608271038,100064917362794,"Virtu Ferries Ltd.","🌊 𝗡𝗼𝘁 𝗮𝗹𝗹 𝗯𝗲𝗮𝗰𝗵𝗲𝘀 𝗮𝗿𝗲 𝗲𝗾𝘂𝗮𝗹.

A Blue Flag beach means clean water, high standards and a destination that has earned the flag.

From Pozzallo, Sicily has plenty worth adding to your list.","🌊 𝗡𝗼𝘁 𝗮𝗹𝗹 𝗯𝗲𝗮𝗰𝗵𝗲𝘀 𝗮𝗿𝗲 𝗲𝗾𝘂𝗮𝗹.

A Blue Flag beach means clean water, high standards and a destination that has earned the flag.

From Pozzallo, Sicily has plenty worth adding to your list.",16,"06/09/2026 09:01",N/A,https://www.facebook.com/reel/2123213815203734/,1,0,Videos,,,,,Lifetime,54290,32066,39,37,1,1,86,15,47,,24,122819.468,2.473,0,0,0
1440864164754149,100064917362794,"Virtu Ferries Ltd.","𝗧𝗵𝗶𝘀 𝗶𝘀 𝘆𝗼𝘂𝗿 𝗿𝗲𝗺𝗶𝗻𝗱𝗲𝗿 𝘁𝗵𝗮𝘁 𝗮 𝗹𝗼𝗻𝗴 𝘄𝗲𝗲𝗸𝗲𝗻𝗱 𝗶𝘀 𝗰𝗼𝗺𝗶𝗻𝗴.

Sicily would like a word .. and with Peak Season Offers now live, it has a pretty good argument.",,0,"06/11/2026 10:30",N/A,https://www.facebook.com/virtuferries/posts/pfbid02zWkR4HUadtJwCmKes77UihJXCwDiXQNu5bB3jDPT1ZTQeeS85JRRPSM8Y5pzURwjl,0,0,Photos,,,,,Lifetime,68527,41123,27,25,1,1,303,88,198,17,,,,,,
1441612948012604,100064917362794,"Virtu Ferries Ltd.","Dad doesn’t need another gift.
He needs a trip to Sicily.

🫢Psst… return fares from €63.60.",,0,"06/12/2026 08:00",N/A,https://www.facebook.com/virtuferries/posts/pfbid0252drVWEJJGo8MGWnUGGZXKNF6od67NQujS8M2yCb7Zv92t9wE34MSSPzEfAdbPPSl,0,0,Photos,,,,,Lifetime,21550,15356,27,21,3,3,52,12,33,7,,,,,,
1442177534622812,100064917362794,"Virtu Ferries Ltd.","𝗦𝘁𝗮𝗿𝘁 𝗲𝗮𝗿𝗹𝘆. 𝗠𝗮𝗸𝗲 𝘁𝗵𝗲 𝗱𝗮𝘆 𝗰𝗼𝘂𝗻𝘁.

With June Day Trip Offers available, this is a good week to check the schedule",,0,"06/13/2026 00:00",N/A,https://www.facebook.com/virtuferries/posts/pfbid0wopFSGpc19B98T6kRcmGAfDTLkLHv84Gpgcr4z8J3kHEycvarNdfmmBBR4Ro9kNXl,0,0,Photos,,,,,Lifetime,3040,2006,14,12,1,1,47,,9,38,,,,,,
1443165731190659,100064917362794,"Virtu Ferries Ltd.","3 restaurants in Pozzallo worth trying before you leave. 🍝

Save this and thank us later.",,0,"06/14/2026 03:00",N/A,https://www.facebook.com/virtuferries/posts/pfbid02tLyczLxuJFvqi2TzJhM5erSsAX5TD93NWWD9su7ZobXUuxRbRXwaV8f7moW76ViEl,0,0,Photos,,,,,Lifetime,82449,52939,56,51,0,5,622,70,116,436,,,,,,
1444327311074501,100064917362794,"Virtu Ferries Ltd.",,,0,"06/15/2026 08:59",N/A,https://www.facebook.com/virtuferries/posts/pfbid07YykMY7ZaznkkJWcSbFdXxvBQoHM6c1o2WTRE9uzHRycztEY7RKmrEVLzb6zBomKl,0,1,Photos,,,,,Lifetime,1126,699,4,3,0,1,14,,3,11,,,,,,
1444967194343846,100064917362794,"Virtu Ferries Ltd.","📅 𝗟𝗼𝗼𝗸𝗶𝗻𝗴 𝗳𝗼𝗿 𝗻𝗲𝘄 𝗶𝗱𝗲𝗮𝘀 𝗳𝗼𝗿 𝘆𝗼𝘂𝗿 𝗵𝗼𝗺𝗲?

Join us at the Virtu Ferries Passenger Terminal, Marsa, where Inventa Malta will be hosting an exclusive furniture exhibition on 19th, 20th and 21st June.

We look forward to welcoming you at our terminal.","📅 𝗟𝗼𝗼𝗸𝗶𝗻𝗴 𝗳𝗼𝗿 𝗻𝗲𝘄 𝗶𝗱𝗲𝗮𝘀 𝗳𝗼𝗿 𝘆𝗼𝘂𝗿 𝗵𝗼𝗺𝗲?

Join us at the Virtu Ferries Passenger Terminal, Marsa, where Inventa Malta will be hosting an exclusive furniture exhibition on 19th, 20th and 21st June.

We look forward to welcoming you at our terminal.",44,"06/16/2026 03:36",N/A,https://www.facebook.com/reel/1023355750190215/,0,0,Videos,,,,,Lifetime,26182,3532,41,29,8,4,83,,83,,,156432.732,8.676,0,0,0
1445723930934839,100064917362794,"Virtu Ferries Ltd.","☀️ 𝗗𝗮𝘆 𝗧𝗿𝗶𝗽 𝗢𝗳𝗳𝗲𝗿: 𝗦𝘂𝗺𝗺𝗲𝗿 𝟮𝟬𝟮𝟲

Our Day Trip Offer is available from 1 June to 30 September 2026, with weekday and Saturday options.

𝗝𝘂𝗻𝗲 & 𝗦𝗲𝗽𝘁𝗲𝗺𝗯𝗲𝗿
Adults Monday to Friday: €71.60
Children Monday to Friday: €42.60
Adults Saturday: €92.60
Children Saturday: €62.60

𝗝𝘂𝗹𝘆 & 𝗔𝘂𝗴𝘂𝘀𝘁
Adults Monday to Friday: €82.60
Children Monday to Friday: €42.60
Adults Saturday: €101.60
Children Saturday: €62.60

ℹ️ Valid for Malta to Pozzallo return trips.
ℹ️ Excludes 29 June, 15 August, 8 September, and 21 September.
ℹ️ Terms and conditions apply.

Book your summer day trip today.","☀️ 𝗗𝗮𝘆 𝗧𝗿𝗶𝗽 𝗢𝗳𝗳𝗲𝗿: 𝗦𝘂𝗺𝗺𝗲𝗿 𝟮𝟬𝟮𝟲

Our Day Trip Offer is available from 1 June to 30 September 2026, with weekday and Saturday options.

𝗝𝘂𝗻𝗲 & 𝗦𝗲𝗽𝘁𝗲𝗺𝗯𝗲𝗿
Adults Monday to Friday: €71.60
Children Monday to Friday: €42.60
Adults Saturday: €92.60
Children Saturday: €62.60

𝗝𝘂𝗹𝘆 & 𝗔𝘂𝗴𝘂𝘀𝘁
Adults Monday to Friday: €82.60
Children Monday to Friday: €42.60
Adults Saturday: €101.60
Children Saturday: €62.60

ℹ️ Valid for Malta to Pozzallo return trips.
ℹ️ Excludes 29 June, 15 August, 8 September, and 21 September.
ℹ️ Terms and conditions apply.

Book your summer day trip today.",7,"06/17/2026 00:00",N/A,https://www.facebook.com/reel/786509891122898/,1,0,Videos,,,,,Lifetime,234910,72167,67,64,1,2,911,115,490,,306,366337.627,1.694,0,0,0
1446743054166260,100064917362794,"Virtu Ferries Ltd.","🤝 Join Our Team!

Virtu Ferries is seeking to recruit Full-Time Reservations & Front Office Clerk.

If you fancy embarking on an exciting new journey, send your CV to admin@virtuferries.com by not later than 15.07.26.",,0,"06/18/2026 04:32",N/A,https://www.facebook.com/virtuferries/posts/pfbid0pJcYPsqpHmijUxAeexAdqxsHyNNiVPTxi346L2evuYMjP17m7FJ4jQrzV8PrTwuul,0,0,Photos,,,,,Lifetime,57120,32297,65,54,3,8,353,,270,83,,,,,,
1447554824085083,100064917362794,"Virtu Ferries Ltd.","✨ 𝗕𝘂𝘀𝘆 𝗺𝗼𝗿𝗻𝗶𝗻𝗴 𝗮𝘁 𝘁𝗵𝗲 𝗩𝗶𝗿𝘁𝘂 𝗙𝗲𝗿𝗿𝗶𝗲𝘀 𝗕𝘂𝘀𝗶𝗻𝗲𝘀𝘀 𝗖𝗲𝗻𝘁𝗿𝗲! 

The Gruppo Inventa Furniture Exhibition is attracting interest, with visitors continuously arriving to meet the Gruppo Inventa team and explore a wide range of stylish indoor and outdoor furniture solutions.

📍 The exhibition remains open until Sunday, so there is still time to visit, discover the latest collections, and speak directly with the expert designers from Gruppo Inventa.

We look forward to welcoming you to the Virtu Ferries Business Centre",,0,"06/19/2026 03:35",N/A,https://www.facebook.com/virtuferries/posts/pfbid0vFHEXVnYDumwpdwZFF8izXFyRe8vS3zFS4uAgnwUWev4Tjw24HRMyeK8U41Qd5Ycl,0,0,Photos,,,,,Lifetime,9416,6755,25,16,1,8,134,,51,83,,,,,,
1447774530729779,100064917362794,"Virtu Ferries Ltd.","🙌 𝗪𝗲’𝗿𝗲 𝗻𝗼𝘁 𝗮 𝗳𝗼𝗼𝘁𝗯𝗮𝗹𝗹 𝘁𝗲𝗮𝗺, 𝗯𝘂𝘁 𝗲𝘃𝗲𝗿𝘆 𝗰𝗿𝗼𝘀𝘀𝗶𝗻𝗴 𝗻𝗲𝗲𝗱𝘀 𝗮 𝘀𝗾𝘂𝗮𝗱.

From the bridge to the port team, from the crew onboard to those working behind the scenes, a lot happens before Sicily gets closer.","🙌 𝗪𝗲’𝗿𝗲 𝗻𝗼𝘁 𝗮 𝗳𝗼𝗼𝘁𝗯𝗮𝗹𝗹 𝘁𝗲𝗮𝗺, 𝗯𝘂𝘁 𝗲𝘃𝗲𝗿𝘆 𝗰𝗿𝗼𝘀𝘀𝗶𝗻𝗴 𝗻𝗲𝗲𝗱𝘀 𝗮 𝘀𝗾𝘂𝗮𝗱.

From the bridge to the port team, from the crew onboard to those working behind the scenes, a lot happens before Sicily gets closer.",23,"06/19/2026 09:01",N/A,https://www.facebook.com/reel/1701815280971138/,1,0,Videos,,,,,Lifetime,16049,10326,158,146,3,9,192,,192,,,81861.911,6.212,0,0,0
1448290217344877,100064917362794,"Virtu Ferries Ltd.","Weekend plans look better with Sicily in them.

...and with our Peak Season Offers in the mix, there’s one more reason to make it happen.",,0,"06/20/2026 00:00",N/A,https://www.facebook.com/virtuferries/posts/pfbid02R7oK518tux6Q38KyKdpM5rDku3NbN55VGDLYfyDZzJuYd8rLPXDNZi28fEq5XhSql,0,0,Photos,,,,,Lifetime,8367,5847,12,10,1,1,205,,50,155,,,,,,
1449168580590374,100064917362794,"Virtu Ferries Ltd.","Happy Father’s Day to all the dads who somehow always know the way.

We see you ❤️💛💙",,0,"06/21/2026 00:00",N/A,https://www.facebook.com/virtuferries/posts/pfbid0tVVkKNjV9FAPm2D4zxr2t2YPzpJ52E1oECcrs4GUodGvjhveE2ymoFx2tyoYFBKnl,0,0,Photos,,,,,Lifetime,2914,2025,27,25,2,0,22,,18,4,,,,,,
1449299150577317,100064917362794,"Virtu Ferries Ltd.","✨ It was a pleasure welcoming Inventa Design and so many of their clients to the Virtu Ferries Business Centre.

🇮🇹🤝🇲🇹 Another great occasion bringing Italian business and Maltese clients together.

🕓 The exhibition is open today until 16:00.

Gruppo Inventa Gruppo Inventa Malta",,0,"06/21/2026 03:12",N/A,https://www.facebook.com/virtuferries/posts/pfbid02VC8VTaPBuYpRiaGgmWahPQy4bce6tnDHJuHgNNGBjf7G8DZtqdPhPuCyWUuiwaZZl,0,0,Photos,,,,,Lifetime,12028,7764,36,32,2,2,391,,83,308,,,,,,
1450376350469597,100064917362794,"Virtu Ferries Ltd.","Power, speed, and reliability on the water,  that’s Virtu Ferries.","Power, speed, and reliability on the water,  that’s Virtu Ferries.",15,"06/22/2026 07:40",N/A,https://www.facebook.com/reel/955387743553661/,1,0,Videos,,,,,Lifetime,184682,71122,448,421,18,9,810,64,623,,123,549899.46,3.298,0,0,0
1451290043711561,100064917362794,"Virtu Ferries Ltd.","This is Sicily. Less than 2 hours away.","This is Sicily. Less than 2 hours away.",22,"06/23/2026 09:00",N/A,https://www.facebook.com/reel/993378216621819/,1,0,Videos,,,,,Lifetime,270870,86661,158,147,4,7,537,70,271,,196,601155.491,2.357,0,0,0
1452679990239233,100064917362794,"Virtu Ferries Ltd.","𝗔𝗱𝗱𝗶𝘁𝗶𝗼𝗻𝗮𝗹 𝗦𝘂𝗻𝗱𝗮𝘆 𝘁𝗿𝗶𝗽𝘀 𝗼𝗻 𝘀𝗲𝗹𝗲𝗰𝘁𝗲𝗱 𝗱𝗮𝘁𝗲𝘀

Virtu Ferries will operate extra Sunday sailings to accommodate increased demand.

🆕 MLA → POZ: 08:30–10:15
🆕 POZ → MLA: 13:30–15:15

𝗧𝗵𝗲𝘀𝗲 𝗮𝗱𝗱𝗶𝘁𝗶𝗼𝗻𝗮𝗹 𝘁𝗿𝗶𝗽𝘀 𝗮𝗽𝗽𝗹𝘆 𝗼𝗻:

🗓️ Sundays from 5 to 26 July
🗓️ Sunday, 9 August
🗓️ Sundays from 6 to 27 September

Secure your space early and book in advance.",,0,"06/25/2026 01:00",N/A,https://www.facebook.com/virtuferries/posts/pfbid02ikCeFpmYoqEPXCg1FvJucgDFNDHFx2sv5nsShsdwFKhDWYPhUFVT41XiUHdVFvRl,0,0,Photos,,,,,Lifetime,312469,81930,89,88,0,1,339,157,122,60,,,,,,
1453565536817345,100064917362794,"Virtu Ferries Ltd.","𝗘𝘅𝘁𝗿𝗮 𝗦𝗮𝗶𝗹𝗶𝗻𝗴𝘀 𝗼𝗻 𝗦𝘂𝗻𝗱𝗮𝘆, 𝟱𝘁𝗵 𝗝𝘂𝗹𝘆

Due to high demand, Virtu Ferries is adding two extra crossings on 5th July.

🆕 MLA → POZ: 08:30 – 10:15
🆕 POZ → MLA: 13:30 – 15:15

Secure your space early.",,0,"06/26/2026 02:07",N/A,https://www.facebook.com/virtuferries/posts/pfbid02Co8Pzk9jfRtHBtrwJJh2tk4MoqAsE4qyMjSriHUzg2Fb9AUmZy5KSkMsvf5KcdHYl,0,0,Photos,,,,,Lifetime,247728,80262,100,95,1,4,484,162,300,22,,,,,,
1453840923456473,100064917362794,"Virtu Ferries Ltd.","𝗔𝗻𝗼𝘁𝗵𝗲𝗿 𝗯𝘂𝘀𝘆 𝘀𝘂𝗺𝗺𝗲𝗿’𝘀 𝗱𝗮𝘆 𝗮𝘁 𝘀𝗲𝗮.

With 8 scheduled crossings today between Malta and Pozzallo operated by our state-of-the-art vessels, we’re proud to help thousands of passengers making the most of their holidays.

Thank you for choosing Virtu Ferries, once again.","𝗔𝗻𝗼𝘁𝗵𝗲𝗿 𝗯𝘂𝘀𝘆 𝘀𝘂𝗺𝗺𝗲𝗿’𝘀 𝗱𝗮𝘆 𝗮𝘁 𝘀𝗲𝗮.

With 8 scheduled crossings today between Malta and Pozzallo operated by our state-of-the-art vessels, we’re proud to help thousands of passengers making the most of their holidays.

Thank you for choosing Virtu Ferries, once again.",16,"06/26/2026 08:58",N/A,https://www.facebook.com/reel/1052877273856970/,0,0,Videos,,,,,Lifetime,15797,11182,156,143,4,9,123,,123,,,65620.871,5.084,0,0,0
1454376076736291,100064917362794,"Virtu Ferries Ltd.","☀️𝗧𝗵𝗲 𝗹𝗼𝗻𝗴 𝘄𝗲𝗲𝗸𝗲𝗻𝗱 𝗶𝘀 𝗱𝗼𝗶𝗻𝗴 𝗶𝘁𝘀 𝗽𝗮𝗿𝘁.

Now pick the crossing that makes Sicily happen.

This week’s schedule is live.",,0,"06/27/2026 00:00",N/A,https://www.facebook.com/virtuferries/posts/pfbid02osVct3MVL9wCmxHxd65GAWs8y3fL5P12xWqM1fEPYxBFc7V138jEGUdmNRjtVoNrl,0,0,Photos,,,,,Lifetime,4526,2933,17,15,1,1,77,,19,58,,,,,,
1455342969972935,100064917362794,"Virtu Ferries Ltd.","🎥 Meet the Team: Mary Iemmolo

Say hello to Mary Iemmolo, our experienced Reservations Supervisor based at our Pozzallo office.

With a passion for customer service and a talent for organisation, Mary oversees the reservations process, supports passengers with their travel plans, and helps keep operations running smoothly behind the scenes.","🎥 Meet the Team: Mary Iemmolo

Say hello to Mary Iemmolo, our experienced Reservations Supervisor based at our Pozzallo office.

With a passion for customer service and a talent for organisation, Mary oversees the reservations process, supports passengers with their travel plans, and helps keep operations running smoothly behind the scenes.",92,"06/28/2026 03:00",N/A,https://www.facebook.com/reel/1743247243363843/,1,0,Videos,,,,,Lifetime,24939,9600,187,165,21,1,457,1,456,,,165250.681,8.44,0,0,0
1456211529886079,100064917362794,"Virtu Ferries Ltd.","In just six days, Virtu Ferries has carried over 13,000 passengers, more than 2,500 vehicles, and hundreds of tonnes of essential goods across the Malta–Sicily route.

These numbers reflect the trust thousands of people continue to place in us, and we are grateful to every passenger and business that chooses Virtu Ferries.

As Malta’s leading ferry operator since 1988, we know our responsibility extends beyond getting people from A to B. Decades of experience do not mean we stop improving. We remain committed to listening, learning, and continuously raising the standard of our service with every crossing.

Thank you for your continued trust and support.

The Virtu Ferries Team",,0,"06/29/2026 01:54",N/A,https://www.facebook.com/virtuferries/posts/pfbid0yiZ7bn85NVic5LtEW1Gx5dTA6MocW1UQPvvX6M5s7ZPfMNqAiNqHK65whjsbGc5kl,0,0,Photos,,,,,Lifetime,308179,92231,275,233,35,7,2418,324,2009,85,,,,,,
1457394073101158,100064917362794,"Virtu Ferries Ltd.","𝗩𝗮𝗰𝗮𝗻𝗰𝘆: 𝗔𝘀𝘀𝗶𝘀𝘁𝗮𝗻𝘁 𝘁𝗼 𝘁𝗵𝗲 𝗖𝗿𝗲𝘄𝗶𝗻𝗴 𝗠𝗮𝗻𝗮𝗴𝗲𝗿

Our ship management company, TankShip Management, is currently looking to recruit an Assistant to the Crewing Manager. The role will support daily crewing operations, including seafarer recruitment, documentation, travel arrangements, certification checks, employment agreements, crew records, and other crewing requirements.

👉𝗙𝘂𝗹𝗹 𝗷𝗼𝗯 𝗼𝗻: https://keepmeposted.com.mt/jobs/Virtu-Ferries-Personal-Assistant-KMP108233

📧Candidates may send their CV to: gmallia@tankshipmanagement.com",,0,"06/30/2026 09:01",N/A,https://www.facebook.com/virtuferries/posts/pfbid02y6x7LVBPHnniTwC56Nwi3GyTo2GaWqBUrFD2z1s17x22AvMTkmyNCk1kAhonJmBfl,0,0,Photos,,,,,Lifetime,16280,11708,30,29,0,1,403,121,215,67,,,,,,
1431456385694927,100064917362794,"Virtu Ferries Ltd.","Virtu Ferries Ltd. updated their cover photo.",,0,"06/01/2026 01:46",N/A,https://www.facebook.com/photo.php?fbid=1431456385694927&set=a.494958069344768&type=3,0,0,Photos,,,,,Lifetime,439,211,36,29,3,4,31,,13,18,,,,,,
1432406148933284,100064917362794,"Virtu Ferries Ltd.","📆 𝗘𝗫𝗧𝗥𝗔 𝗧𝗥𝗜𝗣𝗦 – Friday 26th and Tuesday 30th June

Due to popular demand, we’ve added extra sailings, giving you more flexibility to plan your trip.

𝗧𝗵𝗲 𝗮𝗱𝗱𝗶𝘁𝗶𝗼𝗻𝗮𝗹 𝗱𝗲𝗽𝗮𝗿𝘁𝘂𝗿𝗲𝘀 𝗶𝗻𝗰𝗹𝘂𝗱𝗲:

Friday 26th June
* Dep. MLA 11:30 hrs → Arr. POZ 13:15 hrs (extra)
* Dep. POZ 14:15 hrs → Arr. MLA 16:00 hrs (extra)

Tuesday 30th June
* Dep. POZ 13:30 hrs → Arr. MLA 15:15 hrs (extra)
* Dep. MLA 18:00 hrs → Arr. POZ 19:45 hrs (extra)

Seats are limited, so early booking is highly recommended. 🚢✨",,0,"06/02/2026 02:34",N/A,https://www.facebook.com/virtuferries/posts/pfbid02bc6jHs1Zw2ro98e1CFkGmXB1HhiJEUU9URFYY81GbwAt8srSqkaPSvzFH9YqcWLyl,0,0,Photos,,,,,Lifetime,176143,74078,45,43,1,1,452,162,260,30,,,,,,
